factor_family,method,variant,model,alpha_annual_%,t(alpha),significant_5%,beta_mkt,R2,adj_R2,n,factor_source,alpha_daily,beta_MktRF,t_MktRF,beta_SMB,t_SMB,beta_HML,t_HML,beta_RMW,t_RMW,beta_CMA,t_CMA,beta_Mom,t_Mom,beta_LT_Rev,t_LT_Rev,beta_ST_rev,t_ST_rev,beta_R_MKT,t_R_MKT,beta_R_ME,t_R_ME,beta_R_IA,t_R_IA,beta_R_ROE,t_R_ROE,beta_R_EG,t_R_EG,beta_innovation_DGS1MO,t_innovation_DGS1MO,beta_innovation_Termspread,t_innovation_Termspread,beta_innovation_Divyield,t_innovation_Divyield,beta_innovation_defspread,t_innovation_defspread,beta_innovation_HML,t_innovation_HML,beta_innovation_SMB,t_innovation_SMB,tc_per_share
fama_french,distance,standard,FF five factor I,0.640000,0.700000,false,,0.088000,0.085000,1770,C:\Users\b304juv\OneDrive - Assicurazioni Generali S.p.A\Bureau\Backtesting_Framework\research\data\factors.csv,0.000026,-0.041612,-5.630000,0.045631,4.840000,0.084265,6.180000,-0.035448,-2.200000,-0.060337,-2.830000,,,,,,,,,,,,,,,,,,,,,,,,,,,,,
fama_french,distance,standard,FF five factor II,1.150000,1.430000,false,,0.307000,0.305000,1770,C:\Users\b304juv\OneDrive - Assicurazioni Generali S.p.A\Bureau\Backtesting_Framework\research\data\factors.csv,0.000046,-0.036600,-4.980000,0.028182,3.530000,-0.017363,-1.540000,,,,,-0.113052,-13.360000,0.026963,1.970000,,,,,,,,,,,,,,,,,,,,,,,,,
fama_french,distance,standard,FF five factor III,0.910000,1.140000,false,,0.337000,0.336000,1770,C:\Users\b304juv\OneDrive - Assicurazioni Generali S.p.A\Bureau\Backtesting_Framework\research\data\factors.csv,0.000036,-0.045394,-6.140000,0.029726,3.900000,-0.001890,-0.200000,,,,,-0.111279,-13.690000,,,0.053603,5.640000,,,,,,,,,,,,,,,,,,,,,,,
fama_french,distance,standard,FF seven factor I,1.270000,1.580000,false,,0.316000,0.313000,1770,C:\Users\b304juv\OneDrive - Assicurazioni Generali S.p.A\Bureau\Backtesting_Framework\research\data\factors.csv,0.000050,-0.044736,-6.120000,0.022543,2.830000,-0.003431,-0.270000,-0.031299,-2.370000,-0.050168,-2.720000,-0.111347,-13.320000,0.031235,2.210000,,,,,,,,,,,,,,,,,,,,,,,,,
fama_french,distance,standard,FF seven factor II,1.020000,1.290000,false,,0.345000,0.342000,1770,C:\Users\b304juv\OneDrive - Assicurazioni Generali S.p.A\Bureau\Backtesting_Framework\research\data\factors.csv,0.000041,-0.052304,-7.440000,0.023901,3.180000,0.008833,0.730000,-0.034243,-2.590000,-0.037925,-2.240000,-0.110667,-13.950000,,,0.052521,5.730000,,,,,,,,,,,,,,,,,,,,,,,
fama_french,distance,standard,FF eight factor,1.110000,1.400000,false,,0.346000,0.343000,1770,C:\Users\b304juv\OneDrive - Assicurazioni Generali S.p.A\Bureau\Backtesting_Framework\research\data\factors.csv,0.000044,-0.054482,-7.850000,0.023133,3.100000,0.003442,0.270000,-0.026767,-2.080000,-0.048582,-2.770000,-0.107136,-13.370000,0.022444,1.780000,0.051545,5.680000,,,,,,,,,,,,,,,,,,,,,,,
fama_french,distance,wavelet,FF five factor I,0.390000,0.430000,false,,0.137000,0.134000,1770,C:\Users\b304juv\OneDrive - Assicurazioni Generali S.p.A\Bureau\Backtesting_Framework\research\data\factors.csv,0.000015,-0.057005,-8.410000,0.049014,5.620000,0.100037,7.400000,-0.036309,-2.260000,-0.065996,-3.200000,,,,,,,,,,,,,,,,,,,,,,,,,,,,,
fama_french,distance,wavelet,FF five factor II,0.840000,1.070000,false,,0.358000,0.356000,1770,C:\Users\b304juv\OneDrive - Assicurazioni Generali S.p.A\Bureau\Backtesting_Framework\research\data\factors.csv,0.000033,-0.050321,-8.100000,0.032550,4.510000,0.000540,0.050000,,,,,-0.115286,-14.780000,0.016975,1.290000,,,,,,,,,,,,,,,,,,,,,,,,,
fama_french,distance,wavelet,FF five factor III,0.750000,0.940000,false,,0.357000,0.355000,1770,C:\Users\b304juv\OneDrive - Assicurazioni Generali S.p.A\Bureau\Backtesting_Framework\research\data\factors.csv,0.000030,-0.049119,-7.240000,0.034158,4.650000,0.008579,0.960000,,,,,-0.117402,-14.910000,,,0.003467,0.380000,,,,,,,,,,,,,,,,,,,,,,,
fama_french,distance,wavelet,FF seven factor I,0.970000,1.230000,false,,0.368000,0.365000,1770,C:\Users\b304juv\OneDrive - Assicurazioni Generali S.p.A\Bureau\Backtesting_Framework\research\data\factors.csv,0.000039,-0.058939,-9.700000,0.026187,3.590000,0.014552,1.130000,-0.035997,-2.920000,-0.050346,-3.000000,-0.113793,-14.700000,0.020033,1.480000,,,,,,,,,,,,,,,,,,,,,,,,,
fama_french,distance,wavelet,FF seven factor II,0.890000,1.120000,false,,0.367000,0.364000,1770,C:\Users\b304juv\OneDrive - Assicurazioni Generali S.p.A\Bureau\Backtesting_Framework\research\data\factors.csv,0.000035,-0.057245,-8.930000,0.026879,3.700000,0.019476,1.650000,-0.042493,-3.390000,-0.040895,-2.510000,-0.116813,-15.180000,,,0.002081,0.240000,,,,,,,,,,,,,,,,,,,,,,,
fama_french,distance,wavelet,FF eight factor,0.970000,1.230000,false,,0.368000,0.365000,1770,C:\Users\b304juv\OneDrive - Assicurazioni Generali S.p.A\Bureau\Backtesting_Framework\research\data\factors.csv,0.000038,-0.059169,-9.250000,0.026201,3.590000,0.014714,1.130000,-0.035890,-2.890000,-0.050309,-3.000000,-0.113693,-14.510000,0.019825,1.450000,0.001219,0.140000,,,,,,,,,,,,,,,,,,,,,,,
fama_french,distance,wavelet_pf(paper),FF five factor I,9.680000,9.110000,true,,0.098000,0.095000,1770,C:\Users\b304juv\OneDrive - Assicurazioni Generali S.p.A\Bureau\Backtesting_Framework\research\data\factors.csv,0.000384,-0.016597,-1.560000,0.061203,5.250000,0.112245,6.910000,-0.031706,-1.670000,-0.085362,-3.210000,,,,,,,,,,,,,,,,,,,,,,,,,,,,,
fama_french,distance,wavelet_pf(paper),FF five factor II,10.040000,10.250000,true,,0.226000,0.223000,1770,C:\Users\b304juv\OneDrive - Assicurazioni Generali S.p.A\Bureau\Backtesting_Framework\research\data\factors.csv,0.000398,-0.007608,-0.730000,0.047387,4.540000,0.018521,1.330000,,,,,-0.104119,-10.220000,0.004629,0.260000,,,,,,,,,,,,,,,,,,,,,,,,,
fama_french,distance,wavelet_pf(paper),FF five factor III,10.110000,10.440000,true,,0.247000,0.245000,1770,C:\Users\b304juv\OneDrive - Assicurazioni Generali S.p.A\Bureau\Backtesting_Framework\research\data\factors.csv,0.000401,0.003782,0.350000,0.048870,4.520000,0.017918,1.900000,,,,,-0.110003,-11.320000,,,-0.048769,-3.620000,,,,,,,,,,,,,,,,,,,,,,,
fama_french,distance,wavelet_pf(paper),FF seven factor I,10.180000,10.360000,true,,0.237000,0.234000,1770,C:\Users\b304juv\OneDrive - Assicurazioni Generali S.p.A\Bureau\Backtesting_Framework\research\data\factors.csv,0.000404,-0.017842,-1.780000,0.041180,3.900000,0.037738,2.560000,-0.032913,-2.140000,-0.069449,-3.010000,-0.101261,-10.410000,0.013334,0.710000,,,,,,,,,,,,,,,,,,,,,,,,,
fama_french,distance,wavelet_pf(paper),FF seven factor II,10.250000,10.550000,true,,0.259000,0.256000,1770,C:\Users\b304juv\OneDrive - Assicurazioni Generali S.p.A\Bureau\Backtesting_Framework\research\data\factors.csv,0.000407,-0.006047,-0.600000,0.041349,3.890000,0.036224,2.890000,-0.044743,-2.820000,-0.060552,-2.800000,-0.108901,-11.690000,,,-0.050107,-3.830000,,,,,,,,,,,,,,,,,,,,,,,
fama_french,distance,wavelet_pf(paper),FF eight factor,10.340000,10.620000,true,,0.260000,0.257000,1770,C:\Users\b304juv\OneDrive - Assicurazioni Generali S.p.A\Bureau\Backtesting_Framework\research\data\factors.csv,0.000410,-0.008186,-0.790000,0.040596,3.840000,0.030929,2.180000,-0.037402,-2.480000,-0.071020,-3.140000,-0.105433,-11.150000,0.022043,1.190000,-0.051065,-3.900000,,,,,,,,,,,,,,,,,,,,,,,
fama_french,distance,standard_after_tc,FF five factor I,-0.080000,-0.080000,false,,0.080000,0.077000,1770,C:\Users\b304juv\OneDrive - Assicurazioni Generali S.p.A\Bureau\Backtesting_Framework\research\data\factors.csv,-0.000003,-0.043046,-5.740000,0.045108,4.430000,0.083512,5.880000,-0.039304,-2.390000,-0.065822,-2.940000,,,,,,,,,,,,,,,,,,,,,,,,,,,,,0.000000
fama_french,distance,standard_after_tc,FF five factor II,0.430000,0.500000,false,,0.295000,0.293000,1770,C:\Users\b304juv\OneDrive - Assicurazioni Generali S.p.A\Bureau\Backtesting_Framework\research\data\factors.csv,0.000017,-0.037053,-4.890000,0.027460,3.300000,-0.022528,-1.760000,,,,,-0.118647,-13.430000,0.025906,1.630000,,,,,,,,,,,,,,,,,,,,,,,,,0.000000
fama_french,distance,standard_after_tc,FF five factor III,0.200000,0.230000,false,,0.320000,0.318000,1770,C:\Users\b304juv\OneDrive - Assicurazioni Generali S.p.A\Bureau\Backtesting_Framework\research\data\factors.csv,0.000008,-0.045404,-6.070000,0.028953,3.580000,-0.007686,-0.750000,,,,,-0.116991,-13.360000,,,0.051058,5.220000,,,,,,,,,,,,,,,,,,,,,,,0.000000
fama_french,distance,standard_after_tc,FF seven factor I,0.560000,0.660000,false,,0.304000,0.302000,1770,C:\Users\b304juv\OneDrive - Assicurazioni Generali S.p.A\Bureau\Backtesting_Framework\research\data\factors.csv,0.000022,-0.046015,-6.080000,0.021052,2.530000,-0.007559,-0.530000,-0.035915,-2.630000,-0.053847,-2.690000,-0.116927,-13.320000,0.029869,1.800000,,,,,,,,,,,,,,,,,,,,,,,,,0.000000
fama_french,distance,standard_after_tc,FF seven factor II,0.330000,0.390000,false,,0.328000,0.325000,1770,C:\Users\b304juv\OneDrive - Assicurazioni Generali S.p.A\Bureau\Backtesting_Framework\research\data\factors.csv,0.000013,-0.053170,-7.420000,0.022347,2.800000,0.004132,0.310000,-0.038788,-2.890000,-0.042119,-2.270000,-0.116321,-13.570000,,,0.049826,5.290000,,,,,,,,,,,,,,,,,,,,,,,0.000000
fama_french,distance,standard_after_tc,FF eight factor,0.410000,0.490000,false,,0.329000,0.326000,1770,C:\Users\b304juv\OneDrive - Assicurazioni Generali S.p.A\Bureau\Backtesting_Framework\research\data\factors.csv,0.000016,-0.055260,-7.700000,0.021611,2.710000,-0.001040,-0.070000,-0.031617,-2.380000,-0.052344,-2.720000,-0.112933,-12.940000,0.021530,1.420000,0.048890,5.290000,,,,,,,,,,,,,,,,,,,,,,,0.000000
fama_french,distance,wavelet_after_tc,FF five factor I,-0.340000,-0.350000,false,,0.124000,0.121000,1770,C:\Users\b304juv\OneDrive - Assicurazioni Generali S.p.A\Bureau\Backtesting_Framework\research\data\factors.csv,-0.000013,-0.058490,-8.510000,0.048451,5.030000,0.099382,7.090000,-0.040207,-2.460000,-0.071743,-3.310000,,,,,,,,,,,,,,,,,,,,,,,,,,,,,0.000000
fama_french,distance,wavelet_after_tc,FF five factor II,0.120000,0.140000,false,,0.340000,0.338000,1770,C:\Users\b304juv\OneDrive - Assicurazioni Generali S.p.A\Bureau\Backtesting_Framework\research\data\factors.csv,0.000005,-0.050811,-7.900000,0.031779,4.150000,-0.004684,-0.360000,,,,,-0.120913,-14.550000,0.015997,1.040000,,,,,,,,,,,,,,,,,,,,,,,,,0.000000
fama_french,distance,wavelet_after_tc,FF five factor III,0.040000,0.040000,false,,0.339000,0.337000,1770,C:\Users\b304juv\OneDrive - Assicurazioni Generali S.p.A\Bureau\Backtesting_Framework\research\data\factors.csv,0.000001,-0.049153,-7.170000,0.033345,4.310000,0.002759,0.280000,,,,,-0.123159,-14.670000,,,0.000902,0.100000,,,,,,,,,,,,,,,,,,,,,,,0.000000
fama_french,distance,wavelet_after_tc,FF seven factor I,0.260000,0.310000,false,,0.351000,0.348000,1770,C:\Users\b304juv\OneDrive - Assicurazioni Generali S.p.A\Bureau\Backtesting_Framework\research\data\factors.csv,0.000011,-0.060287,-9.500000,0.024643,3.180000,0.010456,0.730000,-0.040601,-3.180000,-0.054359,-2.950000,-0.119384,-14.400000,0.018834,1.170000,,,,,,,,,,,,,,,,,,,,,,,,,0.000000
fama_french,distance,wavelet_after_tc,FF seven factor II,0.190000,0.230000,false,,0.350000,0.347000,1770,C:\Users\b304juv\OneDrive - Assicurazioni Generali S.p.A\Bureau\Backtesting_Framework\research\data\factors.csv,0.000008,-0.058158,-8.910000,0.025279,3.290000,0.014845,1.150000,-0.047086,-3.690000,-0.045342,-2.550000,-0.122506,-14.930000,,,-0.000634,-0.070000,,,,,,,,,,,,,,,,,,,,,,,0.000000
fama_french,distance,wavelet_after_tc,FF eight factor,0.270000,0.320000,false,,0.351000,0.348000,1770,C:\Users\b304juv\OneDrive - Assicurazioni Generali S.p.A\Bureau\Backtesting_Framework\research\data\factors.csv,0.000011,-0.060011,-9.040000,0.024627,3.180000,0.010261,0.720000,-0.040730,-3.170000,-0.054404,-2.950000,-0.119503,-14.220000,0.019083,1.190000,-0.001463,-0.170000,,,,,,,,,,,,,,,,,,,,,,,0.000000
fama_french,cointegration,standard,FF five factor I,0.310000,0.280000,false,,0.066000,0.064000,1770,C:\Users\b304juv\OneDrive - Assicurazioni Generali S.p.A\Bureau\Backtesting_Framework\research\data\factors.csv,0.000012,-0.045957,-5.140000,0.044581,3.900000,0.092879,5.590000,-0.046322,-2.480000,-0.090036,-3.630000,,,,,,,,,,,,,,,,,,,,,,,,,,,,,
fama_french,cointegration,standard,FF five factor II,0.760000,0.780000,false,,0.253000,0.251000,1770,C:\Users\b304juv\OneDrive - Assicurazioni Generali S.p.A\Bureau\Backtesting_Framework\research\data\factors.csv,0.000030,-0.035362,-3.630000,0.027468,2.850000,-0.021316,-1.470000,,,,,-0.134556,-11.870000,0.008265,0.410000,,,,,,,,,,,,,,,,,,,,,,,,,
fama_french,cointegration,standard,FF five factor III,0.600000,0.620000,false,,0.285000,0.283000,1770,C:\Users\b304juv\OneDrive - Assicurazioni Generali S.p.A\Bureau\Backtesting_Framework\research\data\factors.csv,0.000024,-0.048719,-5.380000,0.026934,2.890000,-0.013879,-1.080000,,,,,-0.128897,-12.590000,,,0.064345,5.280000,,,,,,,,,,,,,,,,,,,,,,,
fama_french,cointegration,standard,FF seven factor I,0.940000,0.970000,false,,0.265000,0.262000,1770,C:\Users\b304juv\OneDrive - Assicurazioni Generali S.p.A\Bureau\Backtesting_Framework\research\data\factors.csv,0.000037,-0.046983,-4.940000,0.018716,1.940000,-0.002753,-0.170000,-0.049797,-3.210000,-0.066652,-2.950000,-0.132682,-11.740000,0.011739,0.550000,,,,,,,,,,,,,,,,,,,,,,,,,
fama_french,cointegration,standard,FF seven factor II,0.740000,0.770000,false,,0.295000,0.292000,1770,C:\Users\b304juv\OneDrive - Assicurazioni Generali S.p.A\Bureau\Backtesting_Framework\research\data\factors.csv,0.000029,-0.058798,-6.910000,0.019471,2.100000,0.005886,0.380000,-0.044591,-2.790000,-0.064242,-3.170000,-0.127692,-12.870000,,,0.063038,5.420000,,,,,,,,,,,,,,,,,,,,,,,
fama_french,cointegration,standard,FF eight factor,0.740000,0.770000,false,,0.295000,0.292000,1770,C:\Users\b304juv\OneDrive - Assicurazioni Generali S.p.A\Bureau\Backtesting_Framework\research\data\factors.csv,0.000030,-0.058894,-7.040000,0.019437,2.080000,0.005647,0.340000,-0.044259,-2.940000,-0.064714,-2.970000,-0.127535,-11.830000,0.000995,0.050000,0.062995,5.410000,,,,,,,,,,,,,,,,,,,,,,,
fama_french,cointegration,wavelet,FF five factor I,0.180000,0.170000,false,,0.096000,0.093000,1770,C:\Users\b304juv\OneDrive - Assicurazioni Generali S.p.A\Bureau\Backtesting_Framework\research\data\factors.csv,0.000007,-0.053109,-7.380000,0.049414,4.400000,0.104255,6.400000,-0.038749,-2.110000,-0.081406,-3.320000,,,,,,,,,,,,,,,,,,,,,,,,,,,,,
fama_french,cointegration,wavelet,FF five factor II,0.640000,0.700000,false,,0.306000,0.304000,1770,C:\Users\b304juv\OneDrive - Assicurazioni Generali S.p.A\Bureau\Backtesting_Framework\research\data\factors.csv,0.000025,-0.043777,-6.340000,0.031527,3.270000,-0.005354,-0.340000,,,,,-0.133458,-13.410000,0.005458,0.300000,,,,,,,,,,,,,,,,,,,,,,,,,
fama_french,cointegration,wavelet,FF five factor III,0.610000,0.650000,false,,0.306000,0.304000,1770,C:\Users\b304juv\OneDrive - Assicurazioni Generali S.p.A\Bureau\Backtesting_Framework\research\data\factors.csv,0.000024,-0.043431,-5.940000,0.032040,3.410000,-0.002760,-0.240000,,,,,-0.134119,-14.050000,,,0.001293,0.110000,,,,,,,,,,,,,,,,,,,,,,,
fama_french,cointegration,wavelet,FF seven factor I,0.790000,0.870000,false,,0.316000,0.313000,1770,C:\Users\b304juv\OneDrive - Assicurazioni Generali S.p.A\Bureau\Backtesting_Framework\research\data\factors.csv,0.000031,-0.053752,-8.000000,0.023927,2.480000,0.010412,0.630000,-0.043381,-3.010000,-0.056581,-2.590000,-0.131920,-13.060000,0.008109,0.400000,,,,,,,,,,,,,,,,,,,,,,,,,
fama_french,cointegration,wavelet,FF seven factor II,0.760000,0.820000,false,,0.316000,0.313000,1770,C:\Users\b304juv\OneDrive - Assicurazioni Generali S.p.A\Bureau\Backtesting_Framework\research\data\factors.csv,0.000030,-0.052860,-7.700000,0.024201,2.570000,0.012313,0.840000,-0.046156,-3.150000,-0.052704,-2.640000,-0.133251,-14.260000,,,-0.000154,-0.010000,,,,,,,,,,,,,,,,,,,,,,,
fama_french,cointegration,wavelet,FF eight factor,0.790000,0.860000,false,,0.316000,0.313000,1770,C:\Users\b304juv\OneDrive - Assicurazioni Generali S.p.A\Bureau\Backtesting_Framework\research\data\factors.csv,0.000031,-0.053655,-7.780000,0.023921,2.480000,0.010344,0.620000,-0.043426,-3.010000,-0.056596,-2.600000,-0.131962,-12.930000,0.008196,0.400000,-0.000511,-0.050000,,,,,,,,,,,,,,,,,,,,,,,
fama_french,cointegration,wavelet_pf(paper),FF five factor I,9.450000,8.010000,true,,0.099000,0.096000,1770,C:\Users\b304juv\OneDrive - Assicurazioni Generali S.p.A\Bureau\Backtesting_Framework\research\data\factors.csv,0.000375,-0.020474,-1.670000,0.076081,5.430000,0.112498,6.020000,-0.033215,-1.550000,-0.082966,-3.130000,,,,,,,,,,,,,,,,,,,,,,,,,,,,,
fama_french,cointegration,wavelet_pf(paper),FF five factor II,9.800000,8.970000,true,,0.235000,0.233000,1770,C:\Users\b304juv\OneDrive - Assicurazioni Generali S.p.A\Bureau\Backtesting_Framework\research\data\factors.csv,0.000389,-0.010369,-0.830000,0.061747,4.690000,0.018419,0.960000,,,,,-0.115554,-10.350000,-0.005325,-0.230000,,,,,,,,,,,,,,,,,,,,,,,,,
fama_french,cointegration,wavelet_pf(paper),FF five factor III,9.920000,9.190000,true,,0.256000,0.254000,1770,C:\Users\b304juv\OneDrive - Assicurazioni Generali S.p.A\Bureau\Backtesting_Framework\research\data\factors.csv,0.000394,0.000498,0.040000,0.062304,4.670000,0.013057,1.090000,,,,,-0.120285,-11.120000,,,-0.051616,-3.190000,,,,,,,,,,,,,,,,,,,,,,,
fama_french,cointegration,wavelet_pf(paper),FF seven factor I,9.940000,9.150000,true,,0.244000,0.241000,1770,C:\Users\b304juv\OneDrive - Assicurazioni Generali S.p.A\Bureau\Backtesting_Framework\research\data\factors.csv,0.000394,-0.020134,-1.700000,0.054645,4.230000,0.034502,1.870000,-0.040002,-2.240000,-0.057819,-2.260000,-0.113776,-10.130000,-0.001455,-0.060000,,,,,,,,,,,,,,,,,,,,,,,,,
fama_french,cointegration,wavelet_pf(paper),FF seven factor II,10.070000,9.320000,true,,0.266000,0.263000,1770,C:\Users\b304juv\OneDrive - Assicurazioni Generali S.p.A\Bureau\Backtesting_Framework\research\data\factors.csv,0.000400,-0.009290,-0.800000,0.054296,4.260000,0.029218,1.930000,-0.047248,-2.610000,-0.055827,-2.660000,-0.119345,-11.330000,,,-0.053086,-3.360000,,,,,,,,,,,,,,,,,,,,,,,
fama_french,cointegration,wavelet_pf(paper),FF eight factor,10.110000,9.390000,true,,0.266000,0.263000,1770,C:\Users\b304juv\OneDrive - Assicurazioni Generali S.p.A\Bureau\Backtesting_Framework\research\data\factors.csv,0.000401,-0.010033,-0.830000,0.054034,4.210000,0.027379,1.540000,-0.044698,-2.600000,-0.059462,-2.350000,-0.118140,-10.490000,0.007656,0.290000,-0.053418,-3.380000,,,,,,,,,,,,,,,,,,,,,,,
fama_french,cointegration,standard_after_tc,FF five factor I,-0.420000,-0.370000,false,,0.063000,0.061000,1770,C:\Users\b304juv\OneDrive - Assicurazioni Generali S.p.A\Bureau\Backtesting_Framework\research\data\factors.csv,-0.000017,-0.047396,-5.210000,0.043898,3.600000,0.092284,5.400000,-0.050236,-2.640000,-0.095815,-3.730000,,,,,,,,,,,,,,,,,,,,,,,,,,,,,0.000000
fama_french,cointegration,standard_after_tc,FF five factor II,0.030000,0.030000,false,,0.251000,0.249000,1770,C:\Users\b304juv\OneDrive - Assicurazioni Generali S.p.A\Bureau\Backtesting_Framework\research\data\factors.csv,0.000001,-0.035747,-3.570000,0.026633,2.680000,-0.026251,-1.650000,,,,,-0.140220,-12.000000,0.006814,0.310000,,,,,,,,,,,,,,,,,,,,,,,,,0.000000
fama_french,cointegration,standard_after_tc,FF five factor III,-0.120000,-0.120000,false,,0.278000,0.276000,1770,C:\Users\b304juv\OneDrive - Assicurazioni Generali S.p.A\Bureau\Backtesting_Framework\research\data\factors.csv,-0.000005,-0.048697,-5.290000,0.026010,2.670000,-0.019631,-1.450000,,,,,-0.134625,-12.400000,,,0.061755,4.930000,,,,,,,,,,,,,,,,,,,,,,,0.000000
fama_french,cointegration,standard_after_tc,FF seven factor I,0.220000,0.220000,false,,0.264000,0.261000,1770,C:\Users\b304juv\OneDrive - Assicurazioni Generali S.p.A\Bureau\Backtesting_Framework\research\data\factors.csv,0.000009,-0.048222,-4.910000,0.017078,1.710000,-0.006625,-0.380000,-0.054616,-3.430000,-0.070420,-2.960000,-0.138335,-11.860000,0.009947,0.430000,,,,,,,,,,,,,,,,,,,,,,,,,0.000000
fama_french,cointegration,standard_after_tc,FF seven factor II,0.040000,0.040000,false,,0.290000,0.287000,1770,C:\Users\b304juv\OneDrive - Assicurazioni Generali S.p.A\Bureau\Backtesting_Framework\research\data\factors.csv,0.000001,-0.059660,-6.840000,0.017757,1.820000,0.001336,0.080000,-0.049201,-3.020000,-0.068727,-3.170000,-0.133354,-12.640000,,,0.060299,5.050000,,,,,,,,,,,,,,,,,,,,,,,0.000000
fama_french,cointegration,standard_after_tc,FF eight factor,0.030000,0.030000,false,,0.290000,0.287000,1770,C:\Users\b304juv\OneDrive - Assicurazioni Generali S.p.A\Bureau\Backtesting_Framework\research\data\factors.csv,0.000001,-0.059627,-6.860000,0.017769,1.810000,0.001417,0.080000,-0.049314,-3.200000,-0.068565,-2.970000,-0.133408,-11.670000,-0.000340,-0.020000,0.060314,5.070000,,,,,,,,,,,,,,,,,,,,,,,0.000000
fama_french,cointegration,wavelet_after_tc,FF five factor I,-0.560000,-0.510000,false,,0.089000,0.087000,1770,C:\Users\b304juv\OneDrive - Assicurazioni Generali S.p.A\Bureau\Backtesting_Framework\research\data\factors.csv,-0.000022,-0.054623,-7.450000,0.048590,4.030000,0.103811,6.210000,-0.042740,-2.290000,-0.087617,-3.440000,,,,,,,,,,,,,,,,,,,,,,,,,,,,,0.000000
fama_french,cointegration,wavelet_after_tc,FF five factor II,-0.100000,-0.110000,false,,0.297000,0.295000,1770,C:\Users\b304juv\OneDrive - Assicurazioni Generali S.p.A\Bureau\Backtesting_Framework\research\data\factors.csv,-0.000004,-0.044209,-6.140000,0.030542,3.060000,-0.010379,-0.600000,,,,,-0.139167,-13.440000,0.004118,0.200000,,,,,,,,,,,,,,,,,,,,,,,,,0.000000
fama_french,cointegration,wavelet_after_tc,FF five factor III,-0.120000,-0.120000,false,,0.297000,0.295000,1770,C:\Users\b304juv\OneDrive - Assicurazioni Generali S.p.A\Bureau\Backtesting_Framework\research\data\factors.csv,-0.000005,-0.043444,-5.850000,0.030977,3.180000,-0.008549,-0.710000,,,,,-0.139907,-14.040000,,,-0.001288,-0.110000,,,,,,,,,,,,,,,,,,,,,,,0.000000
fama_french,cointegration,wavelet_after_tc,FF seven factor I,0.060000,0.070000,false,,0.309000,0.306000,1770,C:\Users\b304juv\OneDrive - Assicurazioni Generali S.p.A\Bureau\Backtesting_Framework\research\data\factors.csv,0.000002,-0.055093,-7.780000,0.022131,2.210000,0.006597,0.370000,-0.048195,-3.260000,-0.060890,-2.630000,-0.137583,-13.100000,0.006567,0.290000,,,,,,,,,,,,,,,,,,,,,,,,,0.000000
fama_french,cointegration,wavelet_after_tc,FF seven factor II,0.040000,0.050000,false,,0.309000,0.306000,1770,C:\Users\b304juv\OneDrive - Assicurazioni Generali S.p.A\Bureau\Backtesting_Framework\research\data\factors.csv,0.000002,-0.053798,-7.640000,0.022338,2.280000,0.007880,0.510000,-0.050845,-3.410000,-0.057611,-2.710000,-0.138963,-14.260000,,,-0.002887,-0.260000,,,,,,,,,,,,,,,,,,,,,,,0.000000
fama_french,cointegration,wavelet_after_tc,FF eight factor,0.070000,0.080000,false,,0.309000,0.306000,1770,C:\Users\b304juv\OneDrive - Assicurazioni Generali S.p.A\Bureau\Backtesting_Framework\research\data\factors.csv,0.000003,-0.054489,-7.540000,0.022095,2.200000,0.006171,0.350000,-0.048476,-3.270000,-0.060988,-2.640000,-0.137844,-12.980000,0.007112,0.320000,-0.003196,-0.290000,,,,,,,,,,,,,,,,,,,,,,,0.000000
